url,lastmod,bucket
https://www.montclair.edu/school-of-computing/student-advising/,2025-08-21T13:39:21-04:00,soc
https://www.montclair.edu/school-of-computing/undergraduate-students/,2025-08-04T09:51:43-04:00,soc
https://www.montclair.edu/school-of-computing/graduate/,2025-08-04T09:49:51-04:00,soc
https://www.montclair.edu/school-of-computing/graduate/admission-requirements/,2017-10-23T11:38:46-04:00,soc
https://www.montclair.edu/school-of-computing/directory/,2025-09-15T16:28:00-04:00,soc
https://www.montclair.edu/school-of-computing/job-opportunities/,2017-10-23T13:56:37-04:00,soc
https://www.montclair.edu/school-of-computing/,2025-09-03T10:49:31-04:00,soc
https://www.montclair.edu/school-of-computing/undergraduate-students/bs-cs-objectives-outcomes/,2020-01-17T09:43:34-05:00,soc
https://www.montclair.edu/school-of-computing/undergraduate-students/bs-it-objectives-outcomes/,2020-01-17T16:28:35-05:00,soc
https://www.montclair.edu/school-of-computing/undergraduate-students/bs-in-data-science-objectives-and-outcomes/,2022-01-20T14:36:59-05:00,soc
https://www.montclair.edu/school-of-computing/news/,2017-10-23T11:01:29-04:00,soc
https://www.montclair.edu/school-of-computing/amst-student-information/,2023-04-06T13:42:06-04:00,soc
https://www.montclair.edu/school-of-computing/amst-student-information/bs-in-applied-mathematics-and-statistics-overview/,2023-04-06T13:41:33-04:00,soc
https://www.montclair.edu/school-of-computing/research/,2025-08-04T16:01:38-04:00,soc
https://www.montclair.edu/school-of-computing/industry-partnerships/,2025-09-05T19:18:24-04:00,soc
https://www.montclair.edu/school-of-computing/about-the-school/,2025-07-21T16:27:03-04:00,soc
https://www.montclair.edu/school-of-computing/curriculum-innovation/,2025-09-03T11:24:16-04:00,soc
https://www.montclair.edu/school-of-computing/contact/,2025-07-22T09:51:16-04:00,soc
https://www.montclair.edu/policies/all-policies/academic-integrity/,2024-08-27T09:58:17-04:00,policies
https://www.montclair.edu/policies/all-policies/grading-standards/,2018-08-14T11:33:21-04:00,policies
https://www.montclair.edu/policies/all-policies/pass-fail-grading/,2025-09-10T09:58:23-04:00,policies
https://www.montclair.edu/policies/all-policies/special-withdrawal-procedure/,2018-08-14T13:22:31-04:00,policies
https://www.montclair.edu/policies/all-policies/withdrawal-procedures-from-the-university/,2024-08-27T13:19:27-04:00,policies
https://www.montclair.edu/policies/all-policies/medical-withdrawal-policy/,2025-08-14T11:24:29-04:00,policies
https://www.montclair.edu/policies/all-policies/federal-perkins-loan/,2019-04-11T12:28:50-04:00,policies
https://www.montclair.edu/policies/all-policies/refunds-and-withdrawals/,2020-04-03T15:26:06-04:00,policies
https://www.montclair.edu/policies/all-policies/family-leave-and-medical-leaves-of-absence-under-federal-and-state-law-policy/,2019-03-08T12:06:42-05:00,policies
https://www.montclair.edu/policies/all-policies/class-absence-documentation/,2023-05-09T15:02:03-04:00,policies
https://www.montclair.edu/policies/all-policies/academic-honesty-and-integrity/,2024-03-22T08:26:12-04:00,policies
https://www.montclair.edu/policies/all-policies/involuntary-withdrawal-policy/,2023-05-09T15:02:51-04:00,policies
https://www.montclair.edu/policies/all-policies/scientific-misconduct/,2020-01-30T16:20:04-05:00,policies
https://www.montclair.edu/policies/all-policies/the-request-for-course-withdrawal-exception/,2024-07-22T16:45:20-04:00,policies
https://www.montclair.edu/red-hawk-central/financial-aid/grants/,2025-05-23T09:28:38-04:00,red-hawk-services
https://www.montclair.edu/red-hawk-central/financial-aid/student-employment/,2025-08-15T15:21:35-04:00,red-hawk-services
https://www.montclair.edu/red-hawk-central/financial-aid/financial-aid-checklist/,2025-05-23T09:25:33-04:00,red-hawk-services
https://www.montclair.edu/red-hawk-central/financial-aid/fafsa/,2017-11-28T10:08:06-05:00,red-hawk-services
https://www.montclair.edu/red-hawk-central/financial-aid/hesaa/,2017-11-28T10:08:20-05:00,red-hawk-services
https://www.montclair.edu/red-hawk-central/financial-aid/loans/,2025-05-23T09:31:02-04:00,red-hawk-services
https://www.montclair.edu/red-hawk-central/financial-aid/scholarships/,2025-09-02T15:21:22-04:00,red-hawk-services
https://www.montclair.edu/red-hawk-central/student-accounts/miscellaneous-fees-per-semester/,2025-07-23T09:16:58-04:00,rhc-student-accounts
https://www.montclair.edu/red-hawk-central/student-accounts/housing-information/,2025-08-06T14:09:36-04:00,rhc-student-accounts
https://www.montclair.edu/red-hawk-central/financial-aid/nj-dreamers/new-jersey-dream-act/,2025-05-23T14:46:52-04:00,red-hawk-services
https://www.montclair.edu/red-hawk-central/student-accounts/payment-options/,2025-07-23T09:29:43-04:00,rhc-student-accounts
https://www.montclair.edu/red-hawk-central/student-accounts/payment-options/tuition-payment-plan/,2025-07-23T09:30:13-04:00,rhc-student-accounts
https://www.montclair.edu/red-hawk-central/student-accounts/third-party-payment/,2025-07-23T09:59:22-04:00,rhc-student-accounts
https://www.montclair.edu/red-hawk-central/financial-aid/scholarships/outside-scholarships/,2025-06-16T15:25:43-04:00,red-hawk-services
https://www.montclair.edu/red-hawk-central/student-accounts/online-payments-faq/,2025-07-29T14:18:17-04:00,rhc-student-accounts
https://www.montclair.edu/red-hawk-central/student-accounts/529-college-savings-plan-funds/,2025-07-22T15:06:07-04:00,rhc-student-accounts
https://www.montclair.edu/red-hawk-central/student-accounts/1098-t-information/,2025-07-22T15:06:22-04:00,rhc-student-accounts
https://www.montclair.edu/red-hawk-central/registrar/,2024-05-07T10:57:48-04:00,registrar
https://www.montclair.edu/red-hawk-central/registrar/registration/,2024-10-30T10:31:25-04:00,registrar
https://www.montclair.edu/red-hawk-central/registrar/holds/,2025-02-26T15:20:47-05:00,registrar
https://www.montclair.edu/red-hawk-central/registrar/add-drop/,2025-09-23T12:40:18-04:00,registrar
https://www.montclair.edu/red-hawk-central/registrar/grades/,2023-08-09T10:55:15-04:00,registrar
https://www.montclair.edu/red-hawk-central/registrar/apply-for-graduation/,2025-09-18T11:25:51-04:00,registrar
https://www.montclair.edu/red-hawk-central/registrar/request-transcripts/,2025-07-28T11:03:24-04:00,registrar
https://www.montclair.edu/red-hawk-central/contact/,2025-09-03T14:51:58-04:00,red-hawk-services
https://www.montclair.edu/red-hawk-central/student-accounts/payment-deadlines/,2025-07-23T09:29:14-04:00,rhc-student-accounts
https://www.montclair.edu/red-hawk-central/financial-aid/loans/stafford-loans/,2025-05-23T11:12:35-04:00,red-hawk-services
https://www.montclair.edu/red-hawk-central/financial-aid/loans/federal-parent-loans-plus/,2025-05-23T09:31:33-04:00,red-hawk-services
https://www.montclair.edu/red-hawk-central/financial-aid/loans/graduate-federal-plus-loans/,2025-05-23T10:56:36-04:00,red-hawk-services
https://www.montclair.edu/red-hawk-central/financial-aid/loans/private-educational-loans/,2025-05-23T11:06:59-04:00,red-hawk-services
https://www.montclair.edu/red-hawk-central/financial-aid/summer-financial-aid/,2025-07-28T08:33:16-04:00,red-hawk-services
https://www.montclair.edu/red-hawk-central/financial-aid/loans/loan-forms/,2025-05-23T10:57:14-04:00,red-hawk-services
https://www.montclair.edu/red-hawk-central/financial-aid/sap-regulations/,2025-08-21T16:03:37-04:00,red-hawk-services
https://www.montclair.edu/red-hawk-central/financial-aid/sap-regulations/satisfactory-academic-progress-sap/,2022-07-11T08:56:20-04:00,red-hawk-services
https://www.montclair.edu/red-hawk-central/registrar/registration/registration-pins/,2024-09-26T11:26:30-04:00,registrar
https://www.montclair.edu/red-hawk-central/registrar/cwid-pin-resets/,2021-08-02T15:53:26-04:00,registrar
https://www.montclair.edu/red-hawk-central/student-accounts/student-health-insurance/,2025-08-26T16:45:37-04:00,rhc-student-accounts
https://www.montclair.edu/red-hawk-central/financial-aid/application-process/verification/,2025-05-23T09:26:22-04:00,red-hawk-services
https://www.montclair.edu/red-hawk-central/financial-aid/nj-dreamers/non-fafsa-scholarships/,2025-05-23T14:48:38-04:00,red-hawk-services
https://www.montclair.edu/red-hawk-central/financial-aid/application-process/,2025-05-23T09:25:11-04:00,red-hawk-services
https://www.montclair.edu/red-hawk-central/financial-aid/special-or-unusual-circumstances/,2025-05-23T16:36:53-04:00,red-hawk-services
https://www.montclair.edu/red-hawk-central/financial-aid/application-process/steps-new-students/,2025-05-23T09:26:05-04:00,red-hawk-services
https://www.montclair.edu/red-hawk-central/financial-aid/application-process/steps-graduate/,2025-05-23T09:25:49-04:00,red-hawk-services
https://www.montclair.edu/red-hawk-central/financial-aid/application-process/steps-graduate/eligible-graduate-programs/,2025-05-23T09:31:17-04:00,red-hawk-services
https://www.montclair.edu/red-hawk-central/financial-aid/notification-policy/,2025-05-23T14:47:11-04:00,red-hawk-services
https://www.montclair.edu/red-hawk-central/financial-aid/study-abroad-financial-aid/,2025-05-23T16:39:23-04:00,red-hawk-services
https://www.montclair.edu/red-hawk-central/registrar/registration/registration-times/,2025-10-10T14:46:40-04:00,registrar
https://www.montclair.edu/red-hawk-central/student-accounts/financial-agreement/,2025-07-23T09:16:07-04:00,rhc-student-accounts
https://www.montclair.edu/red-hawk-central/registrar/add-drop/what-happens-when-i-withdraw-from-class/,2025-10-02T11:26:34-04:00,registrar
https://www.montclair.edu/red-hawk-central/student-accounts/collections/,2025-07-22T15:10:11-04:00,rhc-student-accounts
https://www.montclair.edu/red-hawk-central/student-accounts/collections/federal-perkins-loan/,2025-07-23T09:15:29-04:00,rhc-student-accounts
https://www.montclair.edu/red-hawk-central/student-accounts/direct-deposit/,2025-09-04T12:56:22-04:00,rhc-student-accounts
https://www.montclair.edu/red-hawk-central/student-accounts/residency-requirements/,2025-07-23T09:55:14-04:00,rhc-student-accounts
https://www.montclair.edu/red-hawk-central/registrar/add-drop/adjustments-and-withdrawals/,2019-06-17T10:39:31-04:00,registrar
https://www.montclair.edu/red-hawk-central/registrar/academic-regulations/,2025-03-28T08:45:02-04:00,registrar
https://www.montclair.edu/red-hawk-central/registrar/staff/,2025-08-18T14:41:15-04:00,registrar
https://www.montclair.edu/red-hawk-central/student-accounts/1098-t-information/retrieving-your-1098-t-without-creating-an-account/,2025-07-22T15:06:58-04:00,rhc-student-accounts
https://www.montclair.edu/red-hawk-central/registrar/registration/registration-faqs/,2024-03-06T13:08:23-05:00,registrar
https://www.montclair.edu/red-hawk-central/financial-aid/loans/student-loan-code-of-conduct/,2025-05-23T11:13:34-04:00,red-hawk-services
https://www.montclair.edu/red-hawk-central/student-accounts/tuition-and-fee-appeal/,2025-07-23T09:59:09-04:00,rhc-student-accounts
https://www.montclair.edu/red-hawk-central/financial-aid/student-handbook-for-financial-aid/,2025-05-23T16:38:53-04:00,red-hawk-services
https://www.montclair.edu/red-hawk-central/registrar/final-exam-conflicts-and-resolutions/,2018-05-01T11:50:35-04:00,registrar
https://www.montclair.edu/red-hawk-central/financial-aid/nj-dreamers/,2025-05-23T11:31:55-04:00,red-hawk-services
https://www.montclair.edu/red-hawk-central/registrar/grades/gpa-calculator/,2020-12-21T11:46:57-05:00,registrar
https://www.montclair.edu/red-hawk-central/financial-aid/loans/loan-repayment-information/,2025-05-23T11:13:52-04:00,red-hawk-services
https://www.montclair.edu/red-hawk-central/registrar/diploma-university-certificate/,2025-07-24T15:42:35-04:00,registrar
https://www.montclair.edu/red-hawk-central/financial-aid/cares-act-reporting/,2025-05-23T09:24:50-04:00,red-hawk-services
https://www.montclair.edu/red-hawk-central/registrar/course-modalities/,2024-11-19T16:49:10-05:00,registrar
https://www.montclair.edu/red-hawk-central/registrar/set-up-proxy/,2025-09-15T13:11:50-04:00,registrar
https://www.montclair.edu/red-hawk-central/student-accounts/1098-t-information/explanation-of-irs-boxes-form-1098-t/,2025-07-22T15:06:41-04:00,rhc-student-accounts
https://www.montclair.edu/red-hawk-central/student-accounts/payment-deadlines/late-fees/,2025-08-04T15:42:47-04:00,rhc-student-accounts
https://www.montclair.edu/red-hawk-central/financial-aid/garden-state-guarantee-program/,2025-08-21T16:08:23-04:00,red-hawk-services
https://www.montclair.edu/red-hawk-central/student-accounts/1098-t-information/retrieve-your-1098t-via-nest-self-service-banner-ssb/,2022-04-22T12:50:55-04:00,rhc-student-accounts
https://www.montclair.edu/red-hawk-central/financial-aid/loans/debt-relief/,2025-05-23T11:14:05-04:00,red-hawk-services
https://www.montclair.edu/red-hawk-central/registrar/calendar/,2025-02-19T16:44:55-05:00,registrar
https://www.montclair.edu/red-hawk-central/student-accounts/meal-plan-information/,2025-08-25T09:31:35-04:00,rhc-student-accounts
https://www.montclair.edu/red-hawk-central/registrar/transfer-credit/,2025-08-27T14:57:25-04:00,registrar
https://www.montclair.edu/red-hawk-central/financial-aid/scholarships/scholarshipuniverse/,2025-05-23T16:34:34-04:00,red-hawk-services
https://www.montclair.edu/red-hawk-central/financial-aid/red-hawk-advantage-award-rhaa/,2025-05-23T16:38:10-04:00,red-hawk-services
https://www.montclair.edu/red-hawk-central/financial-aid/how-your-financial-aid-is-calculated/,2025-05-23T09:28:56-04:00,red-hawk-services
https://www.montclair.edu/red-hawk-central/financial-aid/financial-planning-tools/,2025-05-23T09:27:01-04:00,red-hawk-services
https://www.montclair.edu/red-hawk-central/financial-aid/loans/request-an-increase-in-your-loan-eligibility/,2025-05-23T11:06:44-04:00,red-hawk-services
https://www.montclair.edu/red-hawk-central/financial-aid/student-rights-and-responsibilities/,2025-05-23T16:39:05-04:00,red-hawk-services
https://www.montclair.edu/student-services/,2024-09-27T11:15:36-04:00,student-services
https://www.montclair.edu/student-services/guide/,2024-09-12T14:40:24-04:00,student-services
https://www.montclair.edu/student-services/important-dates/,2025-09-23T15:32:05-04:00,student-services
https://www.montclair.edu/student-services/whats-open/,2025-09-10T10:18:12-04:00,student-services
https://www.montclair.edu/student-services/student-communications/,2025-09-08T13:32:21-04:00,student-services
https://www.montclair.edu/student-services/student-communications/rocky/,2024-07-01T11:20:47-04:00,student-services
https://www.montclair.edu/student-services/red-hawk-pantry/,2022-04-11T11:29:10-04:00,student-services
https://www.montclair.edu/student-services/news/,2020-12-22T12:20:51-05:00,student-services
https://www.montclair.edu/student-services/guide/disciplinary-transcript-notation-removal-process/,2023-06-13T09:43:32-04:00,student-services
https://www.montclair.edu/student-services/guide/acronyms/,2025-08-22T15:54:48-04:00,student-services
https://www.montclair.edu/student-services/student-services-guide-for-faculty-staff/,2022-07-26T10:50:00-04:00,student-services
https://www.montclair.edu/student-services/student-services-guide-for-faculty-staff/academic-support/,2024-07-08T12:01:03-04:00,student-services
https://www.montclair.edu/student-services/student-services-guide-for-faculty-staff/safety-and-wellness/,2025-09-26T11:43:00-04:00,student-services
https://www.montclair.edu/student-services/student-services-guide-for-faculty-staff/student-activities/,2023-07-18T12:14:22-04:00,student-services
https://www.montclair.edu/student-services/student-services-guide-for-faculty-staff/student-services/,2025-03-13T12:42:23-04:00,student-services
https://www.montclair.edu/student-services/student-services-guide-for-faculty-staff/university-student-policies/,2022-03-14T14:45:11-04:00,student-services
https://www.montclair.edu/student-services/student-communications/rocky/team-rocky/,2025-02-17T13:33:09-05:00,student-services
https://www.montclair.edu/student-services/student-communications/rocky/rocky-the-red-hawk-usage/,2025-05-13T09:51:36-04:00,student-services
https://www.montclair.edu/student-services/student-communications/rocky/rocky-at-events/,2024-07-02T10:21:48-04:00,student-services
https://www.montclair.edu/student-services/student-services-guide-for-faculty-staff/procedures-and-guidelines-for-the-protection-of-minors/,2025-07-01T13:31:24-04:00,student-services
https://www.montclair.edu/student-services/student-communications/rocky/pebbles/,2025-05-29T11:05:37-04:00,student-services
https://www.montclair.edu/student-services/get-help/,2024-10-23T15:05:19-04:00,student-services
https://www.montclair.edu/global/how-to-apply/,2025-02-19T11:12:17-05:00,oge
https://www.montclair.edu/global/how-to-apply/undergraduate-freshman-students/,2025-08-14T14:01:32-04:00,oge
https://www.montclair.edu/global/how-to-apply/undergraduate-transfer-students/,2025-02-18T19:35:12-05:00,oge
https://www.montclair.edu/global/accepted-students/,2024-04-22T15:11:50-04:00,oge
https://www.montclair.edu/global/accepted-students/international-student-checklist/,2025-09-08T11:25:39-04:00,oge
https://www.montclair.edu/global/pre-arrival-information/,2025-02-18T20:11:33-05:00,oge
https://www.montclair.edu/global/international-student-orientation/,2025-10-06T10:52:00-04:00,oge
https://www.montclair.edu/global/dominican-republic-mescyt-scholarship-program/,2020-04-27T14:19:21-04:00,oge
https://www.montclair.edu/global/prospective-students/,2025-02-18T19:24:06-05:00,oge
https://www.montclair.edu/global/events/,2025-10-03T10:01:54-04:00,oge
https://www.montclair.edu/global/accepted-students/nominated-non-degree-and-exchange-students-checklist/,2025-07-07T13:11:47-04:00,oge
https://www.montclair.edu/global/other-resources/,2022-01-06T15:09:12-05:00,oge
https://www.montclair.edu/global/other-resources/getting-a-drivers-license/,2024-01-26T10:36:39-05:00,oge
https://www.montclair.edu/global/other-resources/invitation-letters/,2024-10-25T11:50:20-04:00,oge
https://www.montclair.edu/global/other-resources/social-security-numbers/,2025-06-17T11:15:45-04:00,oge
https://www.montclair.edu/global/other-resources/tax-information/,2024-02-09T16:13:36-05:00,oge
https://www.montclair.edu/global/other-resources/encounters-with-government-and-law-enforcement-officials/,2021-02-17T11:59:06-05:00,oge
https://www.montclair.edu/global/other-resources/school-in-the-u-s-for-dependents/,2020-05-14T13:53:22-04:00,oge
https://www.montclair.edu/global/other-resources/social-and-cultural-programs/,2021-03-11T09:50:58-05:00,oge
https://www.montclair.edu/global/current-students/,2025-06-16T15:33:49-04:00,oge
https://www.montclair.edu/global/current-students/global-ambassador-program/,2024-08-07T12:58:35-04:00,oge
https://www.montclair.edu/global/current-students/welcome-to-montclair-state/,2022-07-06T16:18:51-04:00,oge
https://www.montclair.edu/global/current-students/f-1-students/,2021-10-27T08:57:32-04:00,oge
https://www.montclair.edu/global/current-students/f-1-students/changing-your-program-of-study/,2022-03-16T15:24:02-04:00,oge
https://www.montclair.edu/global/current-students/f-1-students/f-1-student-employment/,2022-03-15T10:56:33-04:00,oge
https://www.montclair.edu/global/current-students/f-1-students/f-1-student-employment/on-campus-employment/,2024-04-01T15:05:46-04:00,oge
https://www.montclair.edu/global/current-students/f-1-students/f-1-student-employment/curricular-practical-training-cpt/,2025-03-10T11:46:36-04:00,oge
https://www.montclair.edu/global/current-students/f-1-students/f-1-student-employment/optional-practical-training-opt/,2025-07-02T16:08:40-04:00,oge
https://www.montclair.edu/global/current-students/f-1-students/f-1-student-employment/stem-optional-practical-training-opt/,2022-11-01T15:21:06-04:00,oge
https://www.montclair.edu/global/current-students/f-1-students/extending-your-program-of-study/,2024-10-10T12:50:11-04:00,oge
https://www.montclair.edu/global/current-students/f-1-students/maintaining-f-1-status/,2025-07-09T10:00:41-04:00,oge
https://www.montclair.edu/global/current-students/f-1-students/transferring-schools/,2025-01-24T16:37:34-05:00,oge
https://www.montclair.edu/global/current-students/f-1-students/spouses-and-children-in-f-2-status/,2021-11-11T11:12:17-05:00,oge
https://www.montclair.edu/global/current-students/f-1-students/travel-on-f1-status/,2022-04-06T08:07:21-04:00,oge
https://www.montclair.edu/global/current-students/j-1-students/,2021-12-22T13:50:24-05:00,oge
https://www.montclair.edu/global/current-students/j-1-students/maintaining-j-1-status/,2021-12-22T16:09:32-05:00,oge
https://www.montclair.edu/global/current-students/j-1-students/j-1-program-extension/,2022-01-06T14:44:32-05:00,oge
https://www.montclair.edu/global/current-students/j-1-students/employment-options/,2022-01-06T14:43:30-05:00,oge
https://www.montclair.edu/global/current-students/j-1-students/travel-outside-the-united-states-in-j-1-status/,2021-11-11T09:39:08-05:00,oge
https://www.montclair.edu/global/current-students/j-1-students/travel-on-j1-status/,2022-01-06T14:50:48-05:00,oge
https://www.montclair.edu/global/,2025-09-08T14:13:30-04:00,oge
https://www.montclair.edu/global/news-and-announcements/,2019-11-20T09:54:14-05:00,oge
https://www.montclair.edu/global/appointments/,2025-09-17T12:08:21-04:00,oge
https://www.montclair.edu/global/contact-us/,2025-09-22T21:48:42-04:00,oge
https://www.montclair.edu/global/j-1-scholars/,2023-06-01T09:25:48-04:00,oge
https://www.montclair.edu/global/j-1-visiting-scholars-categories/,2023-06-01T13:38:05-04:00,oge
https://www.montclair.edu/global/international-guests/,2022-11-30T08:18:27-05:00,oge
https://www.montclair.edu/global/office-of-global-engagement-privacy-notice/,2021-02-24T16:07:59-05:00,oge
https://www.montclair.edu/global/current-visiting-scholars/,2023-11-07T08:34:37-05:00,oge
https://www.montclair.edu/global/accepted-visiting-scholars/,2025-07-07T10:38:18-04:00,oge
https://www.montclair.edu/global/ask-a-student/,2023-12-12T15:31:58-05:00,oge
https://www.montclair.edu/global/costs-scholarships/,2025-02-18T19:30:54-05:00,oge
https://www.montclair.edu/global/new-student-information/,2023-09-14T15:20:29-04:00,oge
https://www.montclair.edu/global/agent-interest-form/,2021-06-08T14:57:09-04:00,oge
https://www.montclair.edu/global/agents/,2021-06-08T14:59:34-04:00,oge
https://www.montclair.edu/global/iew/,2025-10-03T15:00:29-04:00,oge
https://www.montclair.edu/global/two-year-home-residency-requirement/,2022-01-06T14:47:40-05:00,oge
https://www.montclair.edu/global/address-reporting-requirement/,2022-01-06T14:21:05-05:00,oge
https://www.montclair.edu/global/cip-codes-and-your-program-of-study/,2022-01-03T14:52:19-05:00,oge
https://www.montclair.edu/global/health-insurance/,2024-12-11T11:30:55-05:00,oge
https://www.montclair.edu/global/on-campus-employment/,2024-04-01T15:03:35-04:00,oge
https://www.montclair.edu/global/academic-training/,2022-01-06T14:46:32-05:00,oge
https://www.montclair.edu/global/10-points-to-remember-when-applying-for-a-student-visa/,2022-01-06T14:05:03-05:00,oge
https://www.montclair.edu/global/oge-check-in/,2022-02-28T13:46:36-05:00,oge
https://www.montclair.edu/global/downloading/,2023-09-27T11:39:04-04:00,oge
https://www.montclair.edu/global/opt-reporting/,2022-04-06T07:57:11-04:00,oge
https://www.montclair.edu/global/12-month-opt-reporting-requirements/,2022-03-16T14:18:16-04:00,oge
https://www.montclair.edu/global/reinstatements/,2024-02-06T09:49:01-05:00,oge
https://www.montclair.edu/global/economic-hardship-employment/,2025-03-11T09:03:39-04:00,oge
https://www.montclair.edu/global/employment-with-an-international-organization/,2022-03-17T12:44:13-04:00,oge
https://www.montclair.edu/global/volunteering/,2025-02-21T12:31:19-05:00,oge
https://www.montclair.edu/global/change-of-immigration-status-to-f-1/,2022-04-06T14:30:22-04:00,oge
https://www.montclair.edu/global/leave-of-absence/,2025-01-24T16:37:12-05:00,oge
https://www.montclair.edu/global/h-1b-cap-gap-extension/,2022-04-06T13:22:55-04:00,oge
https://www.montclair.edu/global/current-students/f-1-students/understanding-your-i-20/,2024-10-15T09:42:45-04:00,oge
https://www.montclair.edu/global/how-to-apply/english-language-proficiency-test-requirement-exemptions/,2022-07-26T17:14:00-04:00,oge
https://www.montclair.edu/global/how-to-apply/graduate-students/,2025-02-18T19:47:00-05:00,oge
https://www.montclair.edu/global/how-to-apply-for-a-form-i-20/,2025-09-25T12:25:53-04:00,oge
https://www.montclair.edu/global/resources-for-faculty-staff/,2024-01-08T15:17:11-05:00,oge
https://www.montclair.edu/global/graduate-transcript-evaluation-options-and-process/,2024-12-02T14:18:49-05:00,oge
https://www.montclair.edu/global/metro-new-york-tour/,2025-09-19T11:11:15-04:00,oge
https://www.montclair.edu/global/metro-new-york-tour/application/,2025-08-05T17:34:19-04:00,oge
https://www.montclair.edu/global/metro-new-york-tour/metro-new-york-international-counselor-tour-confirmed-participant-information/,2025-09-19T11:12:38-04:00,oge
https://www.montclair.edu/global/estimated-i-20-expenses/,2025-07-22T11:05:20-04:00,oge
https://www.montclair.edu/global/applying-for-a-ds-2019-and-the-j-1-visa/,2025-09-29T17:29:25-04:00,oge
https://www.montclair.edu/global/admitted-student-webinar-library/,2025-08-11T14:56:35-04:00,oge
https://www.montclair.edu/global/limitations-on-repeat-participation/,2023-06-01T13:39:33-04:00,oge
https://www.montclair.edu/global/two-year-home-residency-requirement-212e/,2023-06-01T12:37:40-04:00,oge
https://www.montclair.edu/global/visiting-scholar-expectations/,2023-06-01T12:38:19-04:00,oge
https://www.montclair.edu/global/complying-with-u-s-federal-laws/,2023-06-01T14:27:56-04:00,oge
https://www.montclair.edu/global/prospective-international-student-events/,2025-08-20T15:28:08-04:00,oge
https://www.montclair.edu/global/required-academic-documentation-for-undergraduate-applicants/,2023-12-04T19:56:47-05:00,oge
https://www.montclair.edu/global/transferring-your-f-1-sevis-record-to-montclair-state-university/,2024-01-23T14:42:04-05:00,oge
https://www.montclair.edu/global/current-students/f-1-students/commutable-distance-policy/,2024-03-28T10:22:54-04:00,oge
https://www.montclair.edu/global/submit-your-enrollment-deposit-international-students/,2025-06-10T13:44:01-04:00,oge
https://www.montclair.edu/global/brochures-and-flyers/,2025-09-19T16:38:51-04:00,oge
https://www.montclair.edu/global/reduced-course-loads/,2025-07-09T10:02:33-04:00,oge
https://www.montclair.edu/graduate/how-to-apply/,2025-08-04T15:03:59-04:00,grad-how-to-apply
https://www.montclair.edu/graduate/how-to-apply/application-review/,2024-01-08T11:42:39-05:00,grad-how-to-apply
https://www.montclair.edu/graduate/how-to-apply/financial-information/,2025-08-27T09:42:25-04:00,grad-how-to-apply
https://www.montclair.edu/graduate/how-to-apply/non-degree-and-visiting-students/,2025-05-27T13:29:17-04:00,grad-how-to-apply
https://www.montclair.edu/graduate/how-to-apply/international-applicants/,2022-07-21T11:41:33-04:00,grad-how-to-apply
https://www.montclair.edu/graduate/how-to-apply/frequently-asked-questions/,2025-07-10T14:28:56-04:00,grad-how-to-apply
https://www.montclair.edu/graduate/programs-of-study/computer-science-ms/,2025-01-03T13:43:30-05:00,grad-programs
https://www.montclair.edu/graduate/programs-of-study/computer-science-combined-bsms/,2022-01-13T08:56:57-05:00,grad-programs
https://www.montclair.edu/graduate/programs-of-study/information-technology-ms/,2025-01-03T13:45:37-05:00,grad-programs
https://www.montclair.edu/graduate/programs-of-study/computing-technology-certificate/,2025-03-18T10:47:24-04:00,grad-programs
https://www.montclair.edu/graduate/programs-of-study/cybersecurity-ms/,2025-01-03T13:44:28-05:00,grad-programs
https://www.montclair.edu/graduate/programs-of-study/computational-linguistics-ms/,2025-04-07T10:52:36-04:00,grad-programs
https://www.montclair.edu/graduate/programs-of-study/data-science-ms/,2025-07-01T11:19:35-04:00,grad-programs
https://www.montclair.edu/combined-programs/programs-of-study/computer-science-combined-bs-ms/,2024-11-26T10:39:12-05:00,combined-programs
https://www.montclair.edu/combined-programs/programs-of-study/computer-science-cybersecurity-combined-bs-ms/,2024-11-26T10:41:52-05:00,combined-programs
https://www.montclair.edu/combined-programs/programs-of-study/computer-science-data-science-combined-bs-ms/,2025-07-07T09:54:26-04:00,combined-programs
https://www.montclair.edu/combined-programs/programs-of-study/information-technology-cybersecurity-combined-bs-ms/,2024-11-26T12:21:47-05:00,combined-programs
https://www.montclair.edu/combined-programs/programs-of-study/information-technology-data-science-combined-bs-ms/,2025-07-07T09:54:06-04:00,combined-programs
https://www.montclair.edu/information-technology/it-service-desk/,2025-09-29T10:20:53-04:00,it-policies
https://www.montclair.edu/information-technology/it-policies-and-procedures/reponsible-use-of-computing-policy/,2018-10-18T11:17:44-04:00,it-policies
https://www.montclair.edu/information-technology/it-policies-and-procedures/network-access-usage-policy/,2019-04-12T11:20:32-04:00,it-policies
https://www.montclair.edu/information-technology/it-policies-and-procedures/client-use-administrative-rights-policy/,2019-10-17T11:36:22-04:00,it-policies
https://www.montclair.edu/information-technology/it-policies-and-procedures/software-request-policy-instructors/,2019-10-23T13:14:12-04:00,it-policies
https://www.montclair.edu/student-center/scheduling/,2025-07-24T11:42:44-04:00,student-center
